id,first_name,last_name,email,gender,ip_address
1,Corina,Snawden,csnawden0@newyorker.com,Male,245.249.88.136
2,Emery,Swyn,eswyn1@mac.com,Agender,35.242.201.163
3,Lynnelle,Emmer,lemmer2@ftc.gov,Genderqueer,10.241.77.221
4,Glad,Spare,gspare3@miibeian.gov.cn,Non-binary,16.201.208.68
5,Ciel,Minshall,cminshall4@newsvine.com,Agender,58.79.96.220
6,Thibaut,Davisson,tdavisson5@netvibes.com,Male,58.76.98.120
7,Aldon,Gay,agay6@ucla.edu,Non-binary,51.223.110.224
8,Ealasaid,Giller,egiller7@bloomberg.com,Genderfluid,220.252.93.85
9,Brew,Peacher,bpeacher8@about.com,Non-binary,105.68.62.77
10,Chrissie,Woliter,cwoliter9@businessinsider.com,Genderqueer,135.211.68.172
11,Vincent,Robatham,vrobathama@wikispaces.com,Male,15.113.73.110
12,Cristine,Waterdrinker,cwaterdrinkerb@tmall.com,Non-binary,158.12.58.167
13,Benjamin,Boanas,bboanasc@ow.ly,Non-binary,187.50.219.227
14,Aimil,Slorach,aslorachd@senate.gov,Polygender,19.124.163.128
15,Devi,Frankes,dfrankese@github.com,Genderqueer,227.59.0.118
16,Fionnula,Milley,fmilleyf@ebay.co.uk,Genderqueer,131.237.223.144
17,Prissie,Sansom,psansomg@desdev.cn,Female,201.75.190.116
18,Bill,Gettens,bgettensh@biblegateway.com,Genderfluid,227.242.71.165
19,Harmonie,Gaither,hgaitheri@goo.ne.jp,Polygender,240.242.199.220
20,Valeria,Bodicum,vbodicumj@jiathis.com,Genderqueer,20.16.20.47
21,Eleanore,Marvelley,emarvelleyk@marriott.com,Polygender,199.41.177.162
22,Amery,Braund,abraundl@icio.us,Genderfluid,168.176.90.16
23,Fara,Lawton,flawtonm@parallels.com,Male,201.46.19.110
24,Arline,Mapes,amapesn@com.com,Female,18.111.23.47
25,Gerda,Javes,gjaveso@purevolume.com,Non-binary,111.202.122.247
26,Ange,Bullas,abullasp@pen.io,Polygender,168.100.188.171
27,Eolanda,Heild,eheildq@deviantart.com,Bigender,252.111.119.72
28,Herb,Affleck,haffleckr@loc.gov,Genderqueer,23.80.221.223
29,Hunter,Djurevic,hdjurevics@cnbc.com,Non-binary,111.39.91.1
30,Arabel,MacCaffrey,amaccaffreyt@ed.gov,Genderqueer,98.148.30.214
31,Xaviera,Nock,xnocku@webnode.com,Non-binary,221.171.187.128
32,Vivie,Boniface,vbonifacev@artisteer.com,Non-binary,135.91.123.175
33,Lalo,Shilstone,lshilstonew@mashable.com,Female,140.170.59.166
34,Morty,McKevin,mmckevinx@fc2.com,Polygender,160.35.89.72
35,Kit,O'Hone,kohoney@umich.edu,Genderfluid,51.139.21.162
36,Lolita,Doody,ldoodyz@canalblog.com,Bigender,132.229.197.74
37,Liva,Leppo,lleppo10@seesaa.net,Genderfluid,254.232.73.132
38,Arabela,Piddocke,apiddocke11@lulu.com,Agender,113.115.228.245
39,Tessie,Linnemann,tlinnemann12@state.gov,Agender,251.175.188.27
40,Jacenta,Radish,jradish13@tiny.cc,Agender,112.214.160.76
41,Fabien,Denzey,fdenzey14@vistaprint.com,Female,191.11.125.79
42,Nola,Bedboro,nbedboro15@yahoo.co.jp,Agender,168.155.234.241
43,Theadora,Lawland,tlawland16@census.gov,Male,251.8.218.225
44,Meredith,Sullens,msullens17@toplist.cz,Polygender,209.235.93.240
45,Reena,Samarth,rsamarth18@nationalgeographic.com,Agender,11.51.202.67
46,Garek,Mongin,gmongin19@census.gov,Male,28.86.63.67
47,Dean,Knoller,dknoller1a@theatlantic.com,Genderqueer,68.74.192.219
48,Armand,Rawdales,arawdales1b@weibo.com,Polygender,28.105.111.180
49,Bernita,Southwell,bsouthwell1c@dot.gov,Non-binary,90.127.216.253
50,Maddy,Beaten,mbeaten1d@ibm.com,Genderfluid,133.228.118.155
51,Morty,Reston,mreston1e@sfgate.com,Agender,166.181.218.31
52,Gus,Signorelli,gsignorelli1f@flavors.me,Genderfluid,43.105.120.194
53,Andrea,Turmall,aturmall1g@bloglovin.com,Genderqueer,24.239.142.124
54,Selby,Devon,sdevon1h@cdc.gov,Bigender,49.246.79.85
55,Sherill,Saleway,ssaleway1i@wikimedia.org,Agender,153.227.87.20
56,Harli,Engall,hengall1j@cloudflare.com,Male,110.130.55.205
57,Kelley,Beardsworth,kbeardsworth1k@columbia.edu,Female,113.199.183.17
58,Daisie,Burt,dburt1l@rakuten.co.jp,Non-binary,13.127.7.228
59,Lois,Spare,lspare1m@utexas.edu,Polygender,255.173.13.85
60,Kattie,Tregale,ktregale1n@google.de,Bigender,250.94.87.218
61,Charis,Bagger,cbagger1o@joomla.org,Non-binary,63.71.67.246
62,Lesya,Isakov,lisakov1p@xinhuanet.com,Polygender,79.58.205.122
63,Georgette,Ambler,gambler1q@list-manage.com,Male,173.13.155.76
64,Bertina,Philipson,bphilipson1r@wsj.com,Bigender,156.232.204.140
65,Berkeley,Llewellin,bllewellin1s@blogtalkradio.com,Genderqueer,236.34.92.42
66,Kara-lynn,Riddiough,kriddiough1t@oakley.com,Polygender,118.5.3.67
67,Reinald,Press,rpress1u@google.ca,Male,96.215.122.146
68,Glyn,Briddock,gbriddock1v@jalbum.net,Female,81.147.243.173
69,Rudd,Beere,rbeere1w@shop-pro.jp,Male,166.142.252.248
70,Arnold,Berriball,aberriball1x@geocities.jp,Agender,11.140.96.1
71,Grantley,Knok,gknok1y@slideshare.net,Non-binary,17.171.107.221
72,Sidoney,Skittrall,sskittrall1z@archive.org,Genderqueer,75.255.59.222
73,Bobina,Thake,bthake20@51.la,Bigender,242.223.187.33
74,Arlana,Kilmary,akilmary21@about.me,Bigender,94.114.108.219
75,Mahmoud,Mountcastle,mmountcastle22@bandcamp.com,Non-binary,101.182.29.173
76,Mata,Soares,msoares23@sciencedaily.com,Bigender,247.134.32.236
77,Andres,Ilem,ailem24@telegraph.co.uk,Polygender,0.26.31.19
78,Ernst,Linay,elinay25@tripod.com,Genderqueer,67.210.186.162
79,Darrelle,Sigg,dsigg26@google.co.uk,Genderqueer,181.245.67.218
80,Madelene,Brimfield,mbrimfield27@yale.edu,Agender,199.246.127.38
81,Bernhard,Simmen,bsimmen28@columbia.edu,Polygender,97.192.28.61
82,Willamina,Loomis,wloomis29@europa.eu,Agender,106.241.75.1
83,Haleigh,Bartalin,hbartalin2a@clickbank.net,Female,128.72.206.105
84,Briant,Freddi,bfreddi2b@usa.gov,Genderqueer,21.127.199.231
85,Henrieta,Lightwood,hlightwood2c@t-online.de,Female,58.72.65.70
86,Blakelee,McIlraith,bmcilraith2d@howstuffworks.com,Genderqueer,126.45.68.9
87,Tess,Bartolomieu,tbartolomieu2e@typepad.com,Agender,254.73.227.117
88,Sheryl,Woolveridge,swoolveridge2f@sun.com,Non-binary,47.7.148.18
89,Mella,Bloxham,mbloxham2g@google.it,Genderqueer,109.25.157.33
90,Sigmund,D'Oyley,sdoyley2h@quantcast.com,Agender,58.32.108.196
91,Merl,Denisard,mdenisard2i@digg.com,Genderqueer,187.135.19.35
92,Kylie,Reuther,kreuther2j@gmpg.org,Genderqueer,241.2.16.93
93,Lamont,Emlin,lemlin2k@ftc.gov,Agender,25.179.117.98
94,Luther,Cauldwell,lcauldwell2l@soundcloud.com,Genderfluid,203.128.29.56
95,Sibella,Barnewelle,sbarnewelle2m@walmart.com,Agender,99.246.47.235
96,Genna,Blakely,gblakely2n@moonfruit.com,Genderfluid,236.125.37.199
97,Amie,Shrieves,ashrieves2o@jigsy.com,Agender,12.193.66.109
98,Ilaire,Adelman,iadelman2p@wired.com,Bigender,108.164.33.25
99,Worthy,Ruckert,wruckert2q@oakley.com,Genderfluid,175.139.80.92
100,Benjie,Copelli,bcopelli2r@webmd.com,Genderqueer,255.193.133.3
